Título,Precio,URL,URL Imagen
Reloj Medico Inteligente Medidor Glucosa Azucar Salud Hombre,289.900,https://click1.mercadolibre.com.co/mclics/clicks/external/MCO/count?a=UX90qA9ivBEYa1G1NzV7LKTIRanpTzIWdGnnJJ9Nm7WDYWCi%2BhMphew%2Fvub36yYYI49hpNTz0IgS%2BoVee6PwhcsstK3D3aI6uciQvnB52dCBGeuNuV%2BMhkWM1y%2FQqQ5pwbKp4TBdH3eTwxtj7GDynvcgf9vS%2BGlLXqZ9j8NxJKOKeuyj6hy9beOSgGrXEVGbqHj7l3QbBmuQJf4Qw3ttjBiQ%2BKwj6q1vlT%2FwLK7p5J2GxKwibyD4RhtIyF%2FcKq2rHz%2BD0M9ypFYoyxT9%2F1c50rpWqCqezVE%2B%2Fny01q%2FW5Zj8T2EFWicQPobupyp18s%2FDu59S0J9x%2FcCl6XOlS034%2FGn0P7xwuVWfUo0%2F7e5pr1jVfshj7bEl0bBZXQnOppOEwqvbrqwnorKS8JN2YoXnmBc4u6jpnNrOP6onmU0yYEK1WyQMFU5Nlp7veEhwNQXxnwi2EC7Gzf99i4W2QRSFo%2BKxJokC4Unr34M4VZ%2BE83ZvCe2j8PsLHEgRZYdX8OzysVZstDxlte%2BaUKzKgxAQbYRT4CvPYk8LQLEXlHQfpHfICrfgedKNkdbHZmsfLcrcWjSAFsce8XkKees%2B9AfK9%2BIZHzKmQPvW1MV7jnL9nigKiEEmOsAXXbf%2BzlDH9wKhAMS%2FIgnPZ5AdPefKxWMm8DtbRg2Qz7LaoO0ysGLMh7GRdzMhP6LKXwYSHNVtlXzURabIB4Crbii41Whr0H8A%2BRypkBE19Mzgie8%2BgqLbDofiRXhfLjjkOhZadPrlC6M3jjDiD%2BH%2Bav0ywb2QhhEU7exHQC9HOd6Kb0Vqcu9BIpzvbIhs&e=mclics%2Fadvertising-results-augmenter-on%2B15097%2Cmclics%2Fmin-budget-throttling%2B54896%2Cmclics%2Fmax-bid-capped%2B36382%2Cmclics%2Fmax-bid-item-factor%2B23927%2Cmclics%2Fbuybox-item-query-same-positions%2B58796%2Cmclics%2Fdiscard-bid-lt-min%2B58213%2Cmclics%2Foverride-min-seasonality%2B49092&rb=x#polycard_client=search-nordic&tracking_id=629c7bd8-1c01-430b-b064-83041237dec9,https://http2.mlstatic.com/D_Q_NP_2X_727004-MCO78573431043_082024-V.webp
Reloj Inteligente Hombres Azúcar En Sangre Smart Watch 2024,443.633,https://click1.mercadolibre.com.co/mclics/clicks/external/MCO/count?a=TB7bGbjvyWNxYgeGq1zE79Ub0ZT%2B6R8VoyZamia74WOCNmCKQEM7yqdVha6p2X6oX0JGy3LyHfoBLt3R9Gn%2F0d4qDI3UrFxiQxIXDRKTAll5xWGgkUHCDEozPvbEz%2FEawp%2BqM00SVzQwj03aRQCFj8wlYfNMWOu%2B7MVOdUKeKzxcu4sF3bqMuiKIG55TtIaxHhPtbEC5MrWGrP5ZbKFSlDnAtMwPR2S0oEzHfsuC2YQVOY5kwzxde%2BiCXomv80y9eyJqSrxuoEcANDG%2BkIFtZyOH%2FrLl%2FnJehHm9UIkzVpy2RK94yS2ih8JXE7TnncrEpObKte2F5ZEXhcaOoWZCji%2BUrlNfYH1yJUaSQf8QA02m4fXwxvKP%2BGfP0zUwBw00Fl0zBW5fVUIAXPz4LvRvD5MjJez5q9n1tdAujqbfnGWqMB%2B4YSSbrZ6%2BY%2Fyz%2FVLvse9IY3FhG08oEsFIAQJ59sUH5AMjsrMQNZ2qlO85Jv0wQVUNdVd5qwb%2Fwcc4YytoDtsOWzqTuACilHCW7yT%2B82SW36W02jeYDgNu59Njl2aFcseDdT1Mu1tH3Z4SKUAu6UJEnSEBCAHn6Sj4g0F9NoIXipvnXeMuQ9qa8w%2Fzn%2FTJrZyV%2FDT4cq3VdfCPKTcWXM%2FEHazm8nuiMjn24Mt%2F1VYmVpu8pIco3lOJz7z8vBH7XQSTutDXwuN2ZPQVCXqjhrTkIlnGypuckjZTyZKHh%2BMrOQreyfxuWSHtcUo%2BAgjD%2BqhyW73t3sxKv%2FGlJC%2FqoKcdbURPckTxuewNWjg0TdwXrPLg1VB1FZFkvOS34IukJ%2BKy&e=mclics%2Fadvertising-results-augmenter-on%2B15097%2Cmclics%2Fmin-budget-throttling%2B54896%2Cmclics%2Fmax-bid-capped%2B36382%2Cmclics%2Fmax-bid-item-factor%2B23927%2Cmclics%2Fbuybox-item-query-same-positions%2B58796%2Cmclics%2Fdiscard-bid-lt-min%2B58213%2Cmclics%2Foverride-min-seasonality%2B49092&rb=x#polycard_client=search-nordic&tracking_id=629c7bd8-1c01-430b-b064-83041237dec9,https://http2.mlstatic.com/D_Q_NP_2X_826887-CBT75926367493_042024-V.webp
Nivel Médico Reloj Inteligente Hombres Ecg Azúcar En Sangre,576.794,https://articulo.mercadolibre.com.co/MCO-1408498513-nivel-medico-reloj-inteligente-hombres-ecg-azucar-en-sangre-_JM?searchVariation=182305255673#polycard_client=search-nordic&searchVariation=182305255673&position=5&search_layout=stack&type=item&tracking_id=629c7bd8-1c01-430b-b064-83041237dec9,https://http2.mlstatic.com/D_Q_NP_2X_605831-CBT75338796706_032024-V.webp
Nivel Médico Reloj Inteligente Hombre  Glucemia Smartwatch,621.166,https://articulo.mercadolibre.com.co/MCO-1407850493-nivel-medico-reloj-inteligente-hombre-glucemia-smartwatch-_JM?searchVariation=182280580185#polycard_client=search-nordic&searchVariation=182280580185&position=6&search_layout=stack&type=item&tracking_id=629c7bd8-1c01-430b-b064-83041237dec9,https://http2.mlstatic.com/D_Q_NP_2X_847337-CBT75447722549_032024-V.webp
Nivel Médico Reloj Inteligente Hombre  Glucemia Smartwatch,754.194,https://articulo.mercadolibre.com.co/MCO-1363444021-nivel-medico-reloj-inteligente-hombre-glucemia-smartwatch-_JM?searchVariation=180752007785#polycard_client=search-nordic&searchVariation=180752007785&position=7&search_layout=stack&type=item&tracking_id=629c7bd8-1c01-430b-b064-83041237dec9,https://http2.mlstatic.com/D_Q_NP_2X_984772-CBT73011007275_112023-V.webp
"Reloj Inteligente De Nivel Médico, Bomba De Aire, Presión Ar",1.442.052,https://articulo.mercadolibre.com.co/MCO-2345598546-reloj-inteligente-de-nivel-medico-bomba-de-aire-presion-ar-_JM?searchVariation=180375135954#polycard_client=search-nordic&searchVariation=180375135954&position=8&search_layout=stack&type=item&tracking_id=629c7bd8-1c01-430b-b064-83041237dec9,https://http2.mlstatic.com/D_Q_NP_2X_800884-CBT76022734803_042024-V.webp
Nivel Médico Reloj Inteligente Hombre  Glucemia Smartwatch,616.773,https://articulo.mercadolibre.com.co/MCO-2717258534-nivel-medico-reloj-inteligente-hombre-glucemia-smartwatch-_JM?searchVariation=182049591530#polycard_client=search-nordic&searchVariation=182049591530&position=11&search_layout=stack&type=item&tracking_id=629c7bd8-1c01-430b-b064-83041237dec9,https://http2.mlstatic.com/D_Q_NP_2X_868890-CBT80276369341_102024-V.webp
"Reloj Inteligente De Nivel Médico, Bomba De Aire, Presión Ar",1.153.588,https://articulo.mercadolibre.com.co/MCO-1382855607-reloj-inteligente-de-nivel-medico-bomba-de-aire-presion-ar-_JM?searchVariation=181713677469#polycard_client=search-nordic&searchVariation=181713677469&position=12&search_layout=stack&type=item&tracking_id=629c7bd8-1c01-430b-b064-83041237dec9,https://http2.mlstatic.com/D_Q_NP_2X_725604-CBT74637580581_022024-V.webp
Azúcar En Sangre Salud Reloj Inteligente De Mujer Bluetooth,221.816,https://click1.mercadolibre.com.co/mclics/clicks/external/MCO/count?a=SItE0dqwQg1KnKHTFkwNyd%2FkWJ%2BiSblVuRxniVj2n0WPxFufOxXsfYKVaA44%2B%2FrBCQchVdKCtkq6BkBa2UFbew7RhrcUPbbQGXS3XAqZDub8H%2BkNEuWWD8L0Zg4jHC6sGFY4cA9JMe%2F8jJigoSLWQAQ2gaf9hltG7HH1brZq96wmuXTx0JsFwR6z3ePlWzJZfk%2B95XmHu4Py9rKPqxWvbX8%2Fvun6fJPUr7XQma2n3VQ2EsI1oFNW%2BMxHv17NEWivNQ7YxZbV8hA8t9MpvKiwqL%2BRz3CqgHOjOYZhzKoQZLUAx7irKAxKH2jgrEqlVtmkuNaaLpCeoroa0%2FicAT8huMb111UXNVhKKELRJZx2bSUW9wALmxki91TJH8o5xL3qEMbasYWfKfGSciT5mI4Fp5RjMK4OT1hsmcMbg73X59Iz%2B0Vm76bhxY1BC0xCLWao91S7J%2FVx2R29l4AW6btTj%2BaTqdFGJIAKan2IgWyz9IDsUwR9t4%2BBB74eDz7lXtZwZwXK1cnT64YRMHGYXIybgA%2F9TYbbzQG9Lncf0wUGJMv4Dowozl9JAJOEFqPdyuyykhBwStnzhNQ%2BoUh2CWJGXeMlAAQiQSRACBJobByuf5XiLeo1Gm2six4ngNQcL%2BsFAv6wZZLzjwE448fNH8rTOTu15i5Ut4hN2uZ26lgLK6aYymU5c%2F9nfJi8UtjlqxiuHEBua%2B0Miiiz2YQ40RuH2cxP7O3uelxMw4HR80S%2FDpJtg9BsABpPHq1i7Rx0klTZMz3WuurULpnScRCXS9anla4yznAoGzbvFkUF3vkuz%2Bp24DY%3D&e=mclics%2Fadvertising-results-augmenter-on%2B15097%2Cmclics%2Fmin-budget-throttling%2B54896%2Cmclics%2Fmax-bid-capped%2B36382%2Cmclics%2Fmax-bid-item-factor%2B23927%2Cmclics%2Fbuybox-item-query-same-positions%2B58796%2Cmclics%2Fdiscard-bid-lt-min%2B58213%2Cmclics%2Foverride-min-seasonality%2B49092&rb=x#polycard_client=search-nordic&tracking_id=629c7bd8-1c01-430b-b064-83041237dec9,https://http2.mlstatic.com/D_Q_NP_2X_873129-CBT77236274748_072024-V.webp
2024 Reloj Inteligente Hombres Glucemia Lípidos Ácido Úrico,554.608,https://click1.mercadolibre.com.co/mclics/clicks/external/MCO/count?a=2erQZxN41d%2Fs%2BeyWLTx605S9m09u4mgsQQ%2FSm6oRDAPloxTdBNFWbS2wafymnl%2FZPgdk%2BSQsPYFwKP6ZzFQ4zFaTy7sYhNT6hPaVvV1%2FtgS7xSO1UgKJuFxcMSMbC0r0ShaCn%2FPbfkgPbnPSYKqkOiZEwhqtYFdFz3c9GnMtX7Rq8KT0O8P2BXdQjwPBgYJG8Ux%2Bc1vPoAQIZaPmZ5lxy%2B%2FTzbhkFr7%2BSKgMwo2ryg5Djr2ZsNy5ZZIrNuRM5yD7XAHmawiZmEU3rrM0gKQjiaEapuDkXrR%2BiWzOJe8tkBecbRagTh11EC8VEM7zZWijurCUmZen6K%2FXiXwV6frDqTZ%2BOVm3unNulVdrSw2PxfVBiDTF03IDx%2FN%2BbPgyKxToLNfwts2FmHUcywu2t26P6Df1Eik0sqNl7lZY7857nyhLf9QA9RxxvzVUUts%2B9mHeT%2FUHYBZIMC%2BGgalldIyOBuxQbsv9yBiWWXRj%2F24q0iLaDdQmjqwk8O1eYvDVTrDdRWEopeqB4nM7bHdahXg1UY73JPKYtuctGLqk9xR2EUWdqsr1y8gir1QITEXbKZ8FEJ0pHidqwC5wFI8HyVZ65XSarLMOqbNTR1JS0KxfFe992DghfLMK%2BJuLozWzcOaTAWmnjZdOForFPda%2BPJWrLUe4xqrQwWPeMyTV9ulMLwQF9c1OLpXkuaSYStHbuLC2QSYG5NI2V%2Fxygf5VHFm7sY1timpzAm%2F%2BKCcLcYcqu7deOmC6ACKNf1Ze30eQOIpgUhElZyvfY85WiXV88gp4%2B5mw0B8ZhtCjUGohuLiR093z3W0PYfc%3D&e=mclics%2Fadvertising-results-augmenter-on%2B15097%2Cmclics%2Fmin-budget-throttling%2B54896%2Cmclics%2Fmax-bid-capped%2B36382%2Cmclics%2Fmax-bid-item-factor%2B23927%2Cmclics%2Fbuybox-item-query-same-positions%2B58796%2Cmclics%2Fdiscard-bid-lt-min%2B58213%2Cmclics%2Foverride-min-seasonality%2B49092&rb=x#polycard_client=search-nordic&tracking_id=629c7bd8-1c01-430b-b064-83041237dec9,https://http2.mlstatic.com/D_Q_NP_2X_656283-CBT75491647713_032024-V.webp
Nivel Médico Reloj Inteligente Hombres Ecg Azúcar En Sangre,510.280,https://articulo.mercadolibre.com.co/MCO-1503670245-nivel-medico-reloj-inteligente-hombres-ecg-azucar-en-sangre-_JM?searchVariation=182178100154#polycard_client=search-nordic&searchVariation=182178100154&position=13&search_layout=stack&type=item&tracking_id=629c7bd8-1c01-430b-b064-83041237dec9,https://http2.mlstatic.com/D_Q_NP_2X_683085-CBT80585028335_112024-V.webp
. Nivel Médico Reloj Inteligente Hombre Glucemia Smartwatch,319.479,https://articulo.mercadolibre.com.co/MCO-2723932322--nivel-medico-reloj-inteligente-hombre-glucemia-smartwatch-_JM?searchVariation=182095379020#polycard_client=search-nordic&searchVariation=182095379020&position=14&search_layout=stack&type=item&tracking_id=629c7bd8-1c01-430b-b064-83041237dec9,https://http2.mlstatic.com/D_Q_NP_2X_738398-CBT80130028874_112024-V.webp
Nivel Médico Reloj Inteligente Hombre Glucemia Smartwatch,270.892,https://articulo.mercadolibre.com.co/MCO-1509693701-nivel-medico-reloj-inteligente-hombre-glucemia-smartwatch-_JM?searchVariation=186159783173#polycard_client=search-nordic&searchVariation=186159783173&position=15&search_layout=stack&type=item&tracking_id=629c7bd8-1c01-430b-b064-83041237dec9,https://http2.mlstatic.com/D_Q_NP_2X_800399-CBT80653460554_112024-V.webp
Nivel Médico Reloj Inteligente Hombre Glucemia Smartwatch,239.609,https://articulo.mercadolibre.com.co/MCO-2735429070-nivel-medico-reloj-inteligente-hombre-glucemia-smartwatch-_JM?searchVariation=182178251102#polycard_client=search-nordic&searchVariation=182178251102&position=16&search_layout=stack&type=item&tracking_id=629c7bd8-1c01-430b-b064-83041237dec9,https://http2.mlstatic.com/D_Q_NP_2X_744780-CBT80584984923_112024-V.webp
Nivel Médico Reloj Inteligente Hombre Glucemia Smartwatch,195.459,https://articulo.mercadolibre.com.co/MCO-1419980637-nivel-medico-reloj-inteligente-hombre-glucemia-smartwatch-_JM?searchVariation=182650101377#polycard_client=search-nordic&searchVariation=182650101377&position=17&search_layout=stack&type=item&tracking_id=629c7bd8-1c01-430b-b064-83041237dec9,https://http2.mlstatic.com/D_Q_NP_2X_677965-CBT75975992560_052024-V.webp
Smartwatch Reloj Inteligente Amazfit Gts 4 Mini Blue Mint -* Color De La Malla Mint Blue Color Del Bisel Mint Blue Color De La Caja Mint Blue,499.900,https://www.mercadolibre.com.co/smartwatch-reloj-inteligente-amazfit-gts-4-mini-blue-mint-color-de-la-malla-mint-blue-color-del-bisel-mint-blue-color-de-la-caja-mint-blue/p/MCO24288131#polycard_client=search-nordic&searchVariation=MCO24288131&position=4&search_layout=stack&type=product&tracking_id=629c7bd8-1c01-430b-b064-83041237dec9&wid=MCO1426080587&sid=search,https://http2.mlstatic.com/D_Q_NP_2X_852224-MLU70357063375_072023-V.webp
Reloj Xiaomi Redmi Watch 5 Active Bateria 18 Días Bt Gris,239.000,https://articulo.mercadolibre.com.co/MCO-2712710494-reloj-xiaomi-redmi-watch-5-active-bateria-18-dias-bt-gris-_JM?searchVariation=185683468565#polycard_client=search-nordic&searchVariation=185683468565&position=18&search_layout=stack&type=item&tracking_id=629c7bd8-1c01-430b-b064-83041237dec9,https://http2.mlstatic.com/D_Q_NP_2X_684531-MCO79943914072_102024-V.webp
Reloj Xiaomi Watch S3 36.32mm Negro,834.990,https://articulo.mercadolibre.com.co/MCO-1416666799-reloj-xiaomi-watch-s3-3632mm-negro-_JM?searchVariation=182573689019#polycard_client=search-nordic&searchVariation=182573689019&position=21&search_layout=stack&type=item&tracking_id=629c7bd8-1c01-430b-b064-83041237dec9,https://http2.mlstatic.com/D_Q_NP_2X_642891-MCO75988420199_042024-V.webp
Smart Watch Mujer Y Hombres Bluetooth Reloj Inteligente 2024,381.512,https://click1.mercadolibre.com.co/mclics/clicks/external/MCO/count?a=zvbHIjlaCYYIjxo7blr3%2BK23tznXwlnaAV2PElRKBe%2BH07Jh68%2BNSKKJanTl6MRgDR6p1I4CJ3vrNtjCwCw2GBdGMoiGPUZ31eDAOS3kR%2FyNVjq1Zzs6pxvNk7UMeCiFk7nR0%2FZS%2FdPrWZ84njOdJtHgrTrpsdi3gLKxfh8kuqh8sEYdTVjz2Eb8My2570MJz46%2FpjCEaglwOSO6YDdGinZWVD8xJAogQ8VkHx8NaarfgBf52rCjDKGgsJlBvLiHGxe9GzGfVIeu3%2FUVjsdoJcN6kuXjlnaS6bMl5Pl%2BxW1I31ZqDIbbN8oA7rMNIlwZgMr4Kmlg7Wl3wido9UDv5AMRyzMkRJr7SSW6FgPGmNRn9mPKwbbJhE%2BSKrfOux9Px7%2BZv5nWbSGMwLOeG%2F1X4zQxqAWcTeQHeco5ieWInfcU4HqjGddKcdBLY0T56Fptf3TzfRWNlNRBo3WM1l2YNiepp6P4m97LEhfnQ3WPjKsguRu9PUAkCHjdknhI8db47wEwPhFPbR3rw8FCT0%2Bbo6S3zCnQrZ4Ia0%2FCi5Tuvqk9ctoS%2B0JctVwZbqPNehOPH%2BqGD5wOZIN57V9oXB2zHTMMq3osrDIRf6xUuPGOmRstmkEYB2j%2FwAhCi2NBxgvFECdFQH1fkqzdSA1mi4Gdj3dKS6ZVTmqNRe%2FnZH8YJaBESvhKxqKS%2BKJtBX957woReg9TMXJPh3JmDWMA7KZ%2F2ouEdMSiNUHSnGNm2FOn2NgpN2YYjKH3a%2FCBBkcpwJzmcb0bG%2BFy%2BiBYoPU8siq9DoUewEhgTxCvNpYP8Q7m57GVGqm8yf0D&e=mclics%2Fadvertising-results-augmenter-on%2B15097%2Cmclics%2Fmin-budget-throttling%2B54896%2Cmclics%2Fmax-bid-capped%2B36382%2Cmclics%2Fmax-bid-item-factor%2B23927%2Cmclics%2Fbuybox-item-query-same-positions%2B58796%2Cmclics%2Fdiscard-bid-lt-min%2B58213%2Cmclics%2Foverride-min-seasonality%2B49092&rb=x#polycard_client=search-nordic&tracking_id=629c7bd8-1c01-430b-b064-83041237dec9,https://http2.mlstatic.com/D_Q_NP_2X_887780-CBT77557266942_072024-V.webp
Reloj Inteligente Presión Medidor Salud Médico Mujer Hombre,289.900,https://click1.mercadolibre.com.co/mclics/clicks/external/MCO/count?a=39wAO4akkuAHnyfN2Fjqf%2FTHihPMwLx7IZJQ4hLyLznm9%2FXGpu%2Fmc%2F6NW%2BDKIKCNGyywZ0Qq4oPLncBXGXtiAQAkQgWUqUetgVSGpiK1h5gqTHpdnntiaqdcKlIXgA5IY3Z9ewaIS1zooy2YubcyHZA2F%2FMo%2Bsd3%2B3E9DCYIzDEs1rDl9fR9rNDPDFkTKApjvFaeECYd%2Fzm9zdVqP%2FbgKRQrRxzTBnLc0HwKRTNmnAbm4%2FV%2FR1YUGSPdd%2BaWk04U5HaQgUlBLOmWwNNStImEccZIsACuesvT837AwZzMpb%2BQ2c4okqPYO59Z12%2BKabXnnR%2BBfO2gn53lGhbcEAweJ4ba8LORGRhceqRUGQMUxePHh4ZRCRHchnN8O2mcabr%2BI1O0sJT7XDbOTXdY0PBrsjEAF5tRT2DfL54f956QWTVvm9n5xcsXaYb29vvISKdh1LvIP0pAvm0pNUUWEGBU%2BI9gSS%2FLnqD00kjYOloHavDuwAmH56gI8DRyFkJvVX28SPJjq1gWHMg1CzwXFhDPSaN7iGLCzRy5dGuZDQpLz8ExKhKKrHjeCmEqFKlNZa5ZHHyj0yDZ0H25uovV0KMFKwxlRYQBZxFyFDT78H%2FEz%2F3XD5EXIA7Na9hPb7XUDyrgqA64dtTgr0%2BQc0Urxx6grv6BPZY5H4sL1ZiN3xTAyfpIalJI9KbvJH8U2yEnUxPNvVphHpKQGHLGZb%2FBo0SGYuNFuYBfiT4%2B9Z7I6jolxS1EAC75VeqOJMI9oqBpECwWiOXrh%2BWVLFPRI8uUttiT65lXuLMzBjJ2k12ejJn%2FxSk4tNHEVK6z&e=mclics%2Fadvertising-results-augmenter-on%2B15097%2Cmclics%2Fmin-budget-throttling%2B54896%2Cmclics%2Fmax-bid-capped%2B36382%2Cmclics%2Fmax-bid-item-factor%2B23927%2Cmclics%2Fbuybox-item-query-same-positions%2B58796%2Cmclics%2Fdiscard-bid-lt-min%2B58213%2Cmclics%2Foverride-min-seasonality%2B49092&rb=x#polycard_client=search-nordic&tracking_id=629c7bd8-1c01-430b-b064-83041237dec9,https://http2.mlstatic.com/D_Q_NP_2X_673832-MCO79853739129_102024-V.webp
Xiaomi Mi Smart Band 8,151.995,https://articulo.mercadolibre.com.co/MCO-2526703616-xiaomi-mi-smart-band-8-_JM?searchVariation=181045426594#polycard_client=search-nordic&searchVariation=181045426594&position=22&search_layout=stack&type=item&tracking_id=629c7bd8-1c01-430b-b064-83041237dec9,https://http2.mlstatic.com/D_Q_NP_2X_758603-MLU77547106113_072024-V.webp
Smartband Xiaomi Smart Band 8 Amoled 1.62  Versión China,149.900,https://articulo.mercadolibre.com.co/MCO-1372343805-smartband-xiaomi-smart-band-8-amoled-162-version-china-_JM?searchVariation=179470620776#polycard_client=search-nordic&searchVariation=179470620776&position=23&search_layout=stack&type=item&tracking_id=629c7bd8-1c01-430b-b064-83041237dec9,https://http2.mlstatic.com/D_Q_NP_2X_981581-MCO73396600772_122023-V.webp
2024 Reloj Inteligente Hombres Glucemia Lípidos Ácido Úrico,554.608,https://articulo.mercadolibre.com.co/MCO-1408512083-2024-reloj-inteligente-hombres-glucemia-lipidos-acido-urico-_JM?searchVariation=180205128712#polycard_client=search-nordic&searchVariation=180205128712&position=24&search_layout=stack&type=item&tracking_id=629c7bd8-1c01-430b-b064-83041237dec9,https://http2.mlstatic.com/D_Q_NP_2X_656283-CBT75491647713_032024-V.webp
Médico Reloj Inteligente Hombres Smart Watch Glucemia,754.194,https://articulo.mercadolibre.com.co/MCO-1354105253-medico-reloj-inteligente-hombres-smart-watch-glucemia-_JM?searchVariation=179100762642#polycard_client=search-nordic&searchVariation=179100762642&position=25&search_layout=stack&type=item&tracking_id=629c7bd8-1c01-430b-b064-83041237dec9,https://http2.mlstatic.com/D_Q_NP_2X_669059-CBT77552723593_072024-V.webp
Guante Seguridad Carnicería Hilo Acero Inoxidable Nivel 5,39.900,https://articulo.mercadolibre.com.co/MCO-458263749-guante-seguridad-carniceria-hilo-acero-inoxidable-nivel-5-_JM?searchVariation=62137548655#polycard_client=search-nordic&searchVariation=62137548655&position=26&search_layout=stack&type=item&tracking_id=629c7bd8-1c01-430b-b064-83041237dec9,https://http2.mlstatic.com/D_Q_NP_2X_865903-MCO31003314034_062019-V.webp
Ventosa Electrica 6 Niveles + Calor Infrarrojo ,54.950,https://articulo.mercadolibre.com.co/MCO-1313105529-ventosa-electrica-6-niveles-calor-infrarrojo-_JM#polycard_client=search-nordic&position=27&search_layout=stack&type=item&tracking_id=629c7bd8-1c01-430b-b064-83041237dec9,https://http2.mlstatic.com/D_Q_NP_2X_779375-MCO70402806593_072023-V.webp
"Transportador Digital De Nivel De Torpedos, Magnético, Medic",102.056,https://articulo.mercadolibre.com.co/MCO-2425023756-transportador-digital-de-nivel-de-torpedos-magnetico-medic-_JM#polycard_client=search-nordic&position=28&search_layout=stack&type=item&tracking_id=629c7bd8-1c01-430b-b064-83041237dec9,https://http2.mlstatic.com/D_Q_NP_2X_778186-CBT76805013833_062024-V.webp
Huawei Watch Reloj Inteligente Gt3 46 Mm Jupiter Jpt-b19s,1.299.900,https://articulo.mercadolibre.com.co/MCO-1378488350-huawei-watch-reloj-inteligente-gt3-46-mm-jupiter-jpt-b19s-_JM?searchVariation=177434141073#polycard_client=search-nordic&searchVariation=177434141073&position=31&search_layout=stack&type=item&tracking_id=629c7bd8-1c01-430b-b064-83041237dec9,https://http2.mlstatic.com/D_Q_NP_2X_701902-MCO54744813117_032023-V.webp
Smart Watch Bluetooth Llamada Glucosa Vigilancia De La Salud,687.724,https://click1.mercadolibre.com.co/mclics/clicks/external/MCO/count?a=ibdATN7ghqEd5RYjp1%2Ba4WxGEI56bZaNv2sjAOhCM6bs3yn%2FpGzZ40GoC0tRo3pqG4ON7HuJaULvHYtWCcjb3Lr2wj%2BI4Aksy4I1dkpr9zxKKVpHwWrQy2M2Y4Lb%2Fy8L8zELFsvjzxP5BO4YnQT00scc1UYeZ5TUOovVdEuBqv%2B5gDyEYc7u4AFSWMtdEJUubb2SZlYJk2ORYJHEYl4i2qijeAxxMwiu6ZiVltE3cmP9YSAOZiknQwbZnKwaK1MIYtBLxzdp7pqK0mI5h9Cgr%2BUhZ4pm4QqPqxN8eLvZM3XGIRyI5z1sn8ZSE9vsDCR1n8Aw95ew9NMnnFb9bHvjTxBYqRk13h0UZqOKSRs1rtbJYOsbvWElPN9OffVDwu2qvMywkrPHVRjDKezfuwrV3ii7hm38WDaXK%2BQ8KORcOG5yOVAuUdhuQXN8KZB3KiJLZvDnyKrpfEdk4luqwVH%2BKMuerTpAzHnlyukGxfTdNs2VK7bYG2dUCciDXYVVhVCgwlxDs8EahICOS%2BshkeJG7MzZRG%2FW%2BUwcGq9hgoC7Ac%2FGZ4yGvoSv2kop57IB1ZS6KAc6cLWlpZwqBJiART%2Fp1jUsIaVvoDaKM9eFscokbhV7RuMXiLYRp8L2lPv8P%2FH6Coaz7RjL0ffRLDnmnsq7ZDWPfVztaeWaeyZP3epdOBN5g8DM1%2BacPGEt7ioVoZ%2BHdXVDhwzcL5Gp1KAhNL0m6uUjeZTGNh2cmVwuIJzPwlhqns%2FVVt6QQgSMe%2Fzc7WPbF79QutHKRbqhq8sJjONd%2FPzr1qDmSnJt%2F%2FjmR50aR8hQNhmB8D38Cg%3D%3D&e=mclics%2Fadvertising-results-augmenter-on%2B15097%2Cmclics%2Fmin-budget-throttling%2B54896%2Cmclics%2Fmax-bid-capped%2B36382%2Cmclics%2Fmax-bid-item-factor%2B23927%2Cmclics%2Fbuybox-item-query-same-positions%2B58796%2Cmclics%2Fdiscard-bid-lt-min%2B58213%2Cmclics%2Foverride-min-seasonality%2B49092&rb=x#polycard_client=search-nordic&tracking_id=629c7bd8-1c01-430b-b064-83041237dec9,https://http2.mlstatic.com/D_Q_NP_2X_832324-CBT75915228765_042024-V.webp
Smartwatch Reloj Inteligente Amazfit Gts 4 Mini Blue Mint -* Color De La Malla Mint Blue Color Del Bisel Mint Blue Color De La Caja Mint Blue,499.900,https://click1.mercadolibre.com.co/mclics/clicks/external/MCO/count?a=LRXQdDKNGTYnxLoUFgxncDVMCsAPfH2KZEy1uSMwno3qiAMwbfQNj680RY5skUHIloOA7wLsE%2FhGHxtTQLp7LKsYetUHWhWjbeTRXWrUHlFMlgnHM2%2B8eOOzY6tgoLRXOe1%2BTYcMSUGyt%2F1oVaEolk2k5YO%2Be8WK%2FqvzhQMZ1zNS6SmLf2x7GstPtHOycJ3sU814mhhebPTs5Wsp4dVS9KyGoewRZ0En2aoudWa1GP9y72vLvwxIuydZBHoVdJ%2F2xaDKPirO62KoQOArye1o0x3UhkfTfGrNY4bLQJYkeBXqpFQDiCZ9tRaZomgLc6YxjTM%2BvxKqsg27RMyHolrnoRai5%2Bic8sytvyDHL%2B70ABr9w2WhayH1YIOSvzKomAk%2FPyX9FZLuihqsIH%2FSUWUY5TGB3B7IWTFrPJZygmWjv0qQafMpljgrJo7EZWFuZ6nxrcc%2FKUAL%2FJVWFlPJEGwTYDTvPA%2BAqb%2B%2BGvrLiPHvREa99t3K%2BEFvQ2GI9VsjkYj5jkOmuSflyp1Ot%2BVDgT5H1vqxpICg63eAUoXNe9PnStZqZyeqFZMV4EZDNOOzR%2B3XLNxlaEqnDgim1S8c%2BI3xWB5G%2BLJgy7JflenTKkEHCGMU5xZYS1ox7cUMnPmCFR%2F%2BxYJe1cgJJDba0UUkbuG2bGA9sEKtrcQUXoEsk%2BNLZTS8xZ37nC2kzrERF%2BsBZAHH%2B6w0tijzUWd7rUtXPEXRk5H0GTFbWXRoIGFYX7fH71xflWEdI8RxR10105Mir3iR4w8nH6V5RriD%2BBlvAIPp%2FZmRTbdOVMccazX74wF1TJlW0xBoiWIeMUlKXztiupfe3suf%2F2DceyONFzIg36FI2WxMu5G8wNXql7kx4Y0XpiurBuGUZGqKJUShqwPxrx7t9ykT9ETNS022zs3oAJsL2rVMGm9L9RsSl4wGAE0%3D&e=mclics%2Fadvertising-results-augmenter-on%2B15097%2Cmclics%2Fmin-budget-throttling%2B54896%2Cmclics%2Fmax-bid-capped%2B36382%2Cmclics%2Fmax-bid-item-factor%2B23927%2Cmclics%2Fbuybox-item-query-same-positions%2B58796%2Cmclics%2Fdiscard-bid-lt-min%2B58213%2Cmclics%2Foverride-min-seasonality%2B49092&rb=x#polycard_client=search-nordic&tracking_id=629c7bd8-1c01-430b-b064-83041237dec9&wid=MCO1426080587&sid=search,https://http2.mlstatic.com/D_Q_NP_2X_852224-MLU70357063375_072023-V.webp
Reloj Inteligente Hombres Azúcar En Sangre Smart Watch 2024,443.633,https://articulo.mercadolibre.com.co/MCO-2337863584-reloj-inteligente-hombres-azucar-en-sangre-smart-watch-2024-_JM?searchVariation=180348418136#polycard_client=search-nordic&searchVariation=180348418136&position=32&search_layout=stack&type=item&tracking_id=629c7bd8-1c01-430b-b064-83041237dec9,https://http2.mlstatic.com/D_Q_NP_2X_826887-CBT75926367493_042024-V.webp
Oxímetro Pulso Digital Automático Preciso Dedo,44.900,https://articulo.mercadolibre.com.co/MCO-618996075-oximetro-pulso-digital-automatico-preciso-dedo-_JM#polycard_client=search-nordic&position=33&search_layout=stack&type=item&tracking_id=629c7bd8-1c01-430b-b064-83041237dec9,https://http2.mlstatic.com/D_Q_NP_2X_788622-MCO45720021384_042021-V.webp
Kit Antropométrico Isak Nivel 1,405.000,https://articulo.mercadolibre.com.co/MCO-2208997534-kit-antropometrico-isak-nivel-1-_JM#polycard_client=search-nordic&position=34&search_layout=stack&type=item&tracking_id=629c7bd8-1c01-430b-b064-83041237dec9,https://http2.mlstatic.com/D_Q_NP_2X_905290-MLA77595980961_072024-V.webp
Reloj Garmin Fenix 5s Plus,1.250.000,https://articulo.mercadolibre.com.co/MCO-1489340345-reloj-garmin-fenix-5s-plus-_JM?searchVariation=185321678655#polycard_client=search-nordic&searchVariation=185321678655&position=35&search_layout=stack&type=item&tracking_id=629c7bd8-1c01-430b-b064-83041237dec9,https://http2.mlstatic.com/D_Q_NP_2X_677589-MCO79802437849_102024-V.webp
El Reloj Nfc Mide El Nivel De Glucosa En Sangre,188.670,https://articulo.mercadolibre.com.co/MCO-1402703521-el-reloj-nfc-mide-el-nivel-de-glucosa-en-sangre-_JM?searchVariation=180053738146#polycard_client=search-nordic&searchVariation=180053738146&position=36&search_layout=stack&type=item&tracking_id=629c7bd8-1c01-430b-b064-83041237dec9,https://http2.mlstatic.com/D_Q_NP_2X_984893-CBT75127491473_032024-V.webp
Reloj Inteligente E500 Para La Medicación De La Glucosa En L,238.855,https://articulo.mercadolibre.com.co/MCO-2429581308-reloj-inteligente-e500-para-la-medicacion-de-la-glucosa-en-l-_JM?searchVariation=180664996376#polycard_client=search-nordic&searchVariation=180664996376&position=37&search_layout=stack&type=item&tracking_id=629c7bd8-1c01-430b-b064-83041237dec9,https://http2.mlstatic.com/D_Q_NP_2X_802289-CBT76840271321_062024-V.webp
Ventosa 6 Niveles Y Calor Electrica,54.950,https://articulo.mercadolibre.com.co/MCO-1313163847-ventosa-6-niveles-y-calor-electrica-_JM#polycard_client=search-nordic&position=38&search_layout=stack&type=item&tracking_id=629c7bd8-1c01-430b-b064-83041237dec9,https://http2.mlstatic.com/D_Q_NP_2X_999333-MCO70378265664_072023-V.webp
El Reloj Nfc Mide El Nivel De Glucosa En Sangre,199.586,https://articulo.mercadolibre.com.co/MCO-1632088904-el-reloj-nfc-mide-el-nivel-de-glucosa-en-sangre-_JM?searchVariation=178472893807#polycard_client=search-nordic&searchVariation=178472893807&position=39&search_layout=stack&type=item&tracking_id=629c7bd8-1c01-430b-b064-83041237dec9,https://http2.mlstatic.com/D_Q_NP_2X_770839-CBT71506419157_092023-V.webp
Smartwatch Nfc Para Medir El Nivel De Azúcar En Sangre Y La,150.865,https://articulo.mercadolibre.com.co/MCO-2397788160-smartwatch-nfc-para-medir-el-nivel-de-azucar-en-sangre-y-la-_JM?searchVariation=182863135255#polycard_client=search-nordic&searchVariation=182863135255&position=40&search_layout=stack&type=item&tracking_id=629c7bd8-1c01-430b-b064-83041237dec9,https://http2.mlstatic.com/D_Q_NP_2X_909098-CBT74977963324_032024-V.webp
Reloj Inteligente E500 Para La Medicación De La Glucosa En L,231.090,https://articulo.mercadolibre.com.co/MCO-2650203762-reloj-inteligente-e500-para-la-medicacion-de-la-glucosa-en-l-_JM?searchVariation=181598970640#polycard_client=search-nordic&searchVariation=181598970640&position=41&search_layout=stack&type=item&tracking_id=629c7bd8-1c01-430b-b064-83041237dec9,https://http2.mlstatic.com/D_Q_NP_2X_740507-CBT79094553487_092024-V.webp
Oximetro Pediatrico De Pulso Recargable ,49.900,https://articulo.mercadolibre.com.co/MCO-1387143611-oximetro-pediatrico-de-pulso-recargable-_JM#polycard_client=search-nordic&position=42&search_layout=stack&type=item&tracking_id=629c7bd8-1c01-430b-b064-83041237dec9,https://http2.mlstatic.com/D_Q_NP_2X_602345-MCO74309809899_012024-V.webp
Mesas Auxiliar Hospitalaria - Unidad A $199990,324.990,https://articulo.mercadolibre.com.co/MCO-603915570-mesas-auxiliar-hospitalaria-unidad-a-199990-_JM?searchVariation=175469731062#polycard_client=search-nordic&searchVariation=175469731062&position=43&search_layout=stack&type=item&tracking_id=629c7bd8-1c01-430b-b064-83041237dec9,https://http2.mlstatic.com/D_Q_NP_2X_811520-MCO51930467762_102022-V.webp
Medición Del Nivel De Azúcar En Sangre Y Oxígeno En Sangre D,266.233,https://articulo.mercadolibre.com.co/MCO-1306704827-medicion-del-nivel-de-azucar-en-sangre-y-oxigeno-en-sangre-d-_JM?searchVariation=178012528638#polycard_client=search-nordic&searchVariation=178012528638&position=44&search_layout=stack&type=item&tracking_id=629c7bd8-1c01-430b-b064-83041237dec9,https://http2.mlstatic.com/D_Q_NP_2X_732615-CBT70029865419_062023-V.webp
Almohadillas Antivibración Universales Para Lavadora -,61.588,https://articulo.mercadolibre.com.co/MCO-1493643989-almohadillas-antivibracion-universales-para-lavadora--_JM#polycard_client=search-nordic&position=45&search_layout=stack&type=item&tracking_id=629c7bd8-1c01-430b-b064-83041237dec9,https://http2.mlstatic.com/D_Q_NP_2X_691575-CBT79782495598_102024-V.webp
Smart Watch Mujer Y Hombres Bluetooth Reloj Inteligente 2024,381.512,https://articulo.mercadolibre.com.co/MCO-2546054554-smart-watch-mujer-y-hombres-bluetooth-reloj-inteligente-2024-_JM?searchVariation=183749986669#polycard_client=search-nordic&searchVariation=183749986669&position=46&search_layout=stack&type=item&tracking_id=629c7bd8-1c01-430b-b064-83041237dec9,https://http2.mlstatic.com/D_Q_NP_2X_887780-CBT77557266942_072024-V.webp
Azúcar En Sangre Salud Reloj Inteligente De Mujer Bluetooth,221.816,https://articulo.mercadolibre.com.co/MCO-1446944983-azucar-en-sangre-salud-reloj-inteligente-de-mujer-bluetooth-_JM?searchVariation=180945500946#polycard_client=search-nordic&searchVariation=180945500946&position=47&search_layout=stack&type=item&tracking_id=629c7bd8-1c01-430b-b064-83041237dec9,https://http2.mlstatic.com/D_Q_NP_2X_873129-CBT77236274748_072024-V.webp
Kit Pesas Ejercicio De Kegel Mujer Nivel Progresivo Silicona,196.990,https://articulo.mercadolibre.com.co/MCO-881255596-kit-pesas-ejercicio-de-kegel-mujer-nivel-progresivo-silicona-_JM?searchVariation=185787992793#polycard_client=search-nordic&searchVariation=185787992793&position=48&search_layout=stack&type=item&tracking_id=629c7bd8-1c01-430b-b064-83041237dec9,https://http2.mlstatic.com/D_Q_NP_2X_960213-MCO80305786881_102024-V.webp
Smartwatch Nfc Para Medir El Nivel De Azúcar En Sangre Y La,150.865,https://articulo.mercadolibre.com.co/MCO-2723430326-smartwatch-nfc-para-medir-el-nivel-de-azucar-en-sangre-y-la-_JM?searchVariation=182092718924#polycard_client=search-nordic&searchVariation=182092718924&position=49&search_layout=stack&type=item&tracking_id=629c7bd8-1c01-430b-b064-83041237dec9,https://http2.mlstatic.com/D_Q_NP_2X_979385-CBT80375172343_112024-V.webp
Medición Del Nivel De Azúcar En Sangre Y Oxígeno En Sangre D,297.293,https://articulo.mercadolibre.com.co/MCO-2729562870-medicion-del-nivel-de-azucar-en-sangre-y-oxigeno-en-sangre-d-_JM?searchVariation=185951404077#polycard_client=search-nordic&searchVariation=185951404077&position=50&search_layout=stack&type=item&tracking_id=629c7bd8-1c01-430b-b064-83041237dec9,https://http2.mlstatic.com/D_Q_NP_2X_687366-CBT80494187347_112024-V.webp
Reloj Inteligente Hombre Glucemia Lípidos Smart Watch 2024 Bisel Steel Black,594.543,https://www.mercadolibre.com.co/reloj-inteligente-hombre-glucemia-lipidos-smart-watch-2024-bisel-steel-black/p/MCO37683955#polycard_client=search-nordic&searchVariation=MCO37683955&position=3&search_layout=stack&type=product&tracking_id=629c7bd8-1c01-430b-b064-83041237dec9&wid=MCO2668431134&sid=search,https://http2.mlstatic.com/D_Q_NP_2X_719377-MLU76946792995_062024-V.webp
Reloj Inteligente Hombre  Mujer Glucemia Lípidos Ácido Úrico,532.377,https://articulo.mercadolibre.com.co/MCO-2295647072-reloj-inteligente-hombre-mujer-glucemia-lipidos-acido-urico-_JM?searchVariation=182280809017#polycard_client=search-nordic&searchVariation=182280809017&position=51&search_layout=stack&type=item&tracking_id=629c7bd8-1c01-430b-b064-83041237dec9,https://http2.mlstatic.com/D_Q_NP_2X_626884-CBT75447723875_032024-V.webp
Figuras Y Formas: Nivel Intermedio Programa Para El Desarro,83.000,https://articulo.mercadolibre.com.co/MCO-1407798162-figuras-y-formas-nivel-intermedio-programa-para-el-desarro-_JM#polycard_client=search-nordic&position=52&search_layout=stack&type=item&tracking_id=629c7bd8-1c01-430b-b064-83041237dec9,https://http2.mlstatic.com/D_Q_NP_2X_824834-MCO54815532585_042023-V.webp
Mesa Auxiliar Hospitalaria,309.990,https://articulo.mercadolibre.com.co/MCO-618410862-mesa-auxiliar-hospitalaria-_JM#polycard_client=search-nordic&position=53&search_layout=stack&type=item&tracking_id=629c7bd8-1c01-430b-b064-83041237dec9,https://http2.mlstatic.com/D_Q_NP_2X_915460-MCO78150267328_082024-V.webp
El Reloj Nfc Mide El Nivel De Glucosa En Sangre,199.674,https://articulo.mercadolibre.com.co/MCO-2746563096-el-reloj-nfc-mide-el-nivel-de-glucosa-en-sangre-_JM?searchVariation=182275355974#polycard_client=search-nordic&searchVariation=182275355974&position=54&search_layout=stack&type=item&tracking_id=629c7bd8-1c01-430b-b064-83041237dec9,https://http2.mlstatic.com/D_Q_NP_2X_790515-CBT80825056125_112024-V.webp
Reloj Inteligente Hombre Glucosa Ácido Urico Presión Arteria,647.745,https://articulo.mercadolibre.com.co/MCO-1325945013-reloj-inteligente-hombre-glucosa-acido-urico-presion-arteria-_JM?searchVariation=178456113678#polycard_client=search-nordic&searchVariation=178456113678&position=55&search_layout=stack&type=item&tracking_id=629c7bd8-1c01-430b-b064-83041237dec9,https://http2.mlstatic.com/D_Q_NP_2X_892497-CBT73109063053_112023-V.webp
Smart Watch Para Hombre Y Mujer Glucemia Presión Arterial,585.624,https://articulo.mercadolibre.com.co/MCO-1349904407-smart-watch-para-hombre-y-mujer-glucemia-presion-arterial-_JM?searchVariation=179020866998#polycard_client=search-nordic&searchVariation=179020866998&position=56&search_layout=stack&type=item&tracking_id=629c7bd8-1c01-430b-b064-83041237dec9,https://http2.mlstatic.com/D_Q_NP_2X_754805-CBT72652744227_112023-V.webp
Mesa Auxiliar 2 Niveles Con Ruedas Para Consultorio,510.000,https://articulo.mercadolibre.com.co/MCO-1412292991-mesa-auxiliar-2-niveles-con-ruedas-para-consultorio-_JM?searchVariation=183224589431#polycard_client=search-nordic&searchVariation=183224589431&position=57&search_layout=stack&type=item&tracking_id=629c7bd8-1c01-430b-b064-83041237dec9,https://http2.mlstatic.com/D_Q_NP_2X_946889-MCO75572870000_042024-V.webp
Mesa Carro Auxiliar Tres Niveles Blanca,290.000,https://articulo.mercadolibre.com.co/MCO-1288400131-mesa-carro-auxiliar-tres-niveles-blanca-_JM#polycard_client=search-nordic&position=58&search_layout=stack&type=item&tracking_id=629c7bd8-1c01-430b-b064-83041237dec9,https://http2.mlstatic.com/D_Q_NP_2X_912426-MCO54971295045_042023-V.webp
